orden|jerarquia|nivel|funcional
"001"|"Operativos"|"03"|"Auxiliar de Intendencia"
"002"|"Operativos"|"05"|"Archivista"
"003"|"Operativos"|"05"|"Auxiliar Administrativa,o"
"004"|"Operativos"|"05"|"Auxiliar de Almacén"
"005"|"Operativos"|"05"|"Auxiliar de Enfermería"
"006"|"Operativos"|"05"|"Auxiliar de Mesa de Control"
"007"|"Operativos"|"05"|"Auxiliar de Trámites de Gobernación"
"008"|"Operativos"|"05"|"Auxiliar General de Preescolar 'A'"
"009"|"Operativos"|"05"|"Auxiliar General de Preescolar 'B'"
"010"|"Operativos"|"05"|"Auxiliar General de Servicios de Plantel Educativo"
"011"|"Operativos"|"05"|"Ayudante de Topógrafa,o"
"012"|"Operativos"|"05"|"Ayudante General de Servicios"
"013"|"Operativos"|"05"|"Capturista 'B'"
"014"|"Operativos"|"05"|"Cocinera,o"
"015"|"Operativos"|"05"|"Encargada,o de Estacionamiento"
"016"|"Operativos"|"05"|"Fonotecaria,o"
"017"|"Operativos"|"05"|"Guardia de Museo"
"018"|"Operativos"|"05"|"Guía de Centro Turístico"
"019"|"Operativos"|"05"|"Intendente"
"020"|"Operativos"|"05"|"Jardinera,o 'B' "
"021"|"Operativos"|"05"|"Jefa,e de Intendencia"
"022"|"Operativos"|"05"|"Música,o R-1 "
"023"|"Operativos"|"05"|"Oficinista"
"024"|"Operativos"|"05"|"Peluquera,o"
"025"|"Operativos"|"05"|"Piscicultora,or 'B'"
"026"|"Operativos"|"05"|"Policía 'C'"
"027"|"Operativos"|"05"|"Recepcionista"
"028"|"Operativos"|"05"|"Recepcionista de Módulo de Información"
"029"|"Operativos"|"05"|"Telefonista"
"030"|"Operativos"|"05"|"Veladora,or 'A'"
"031"|"Operativos"|"06"|"Almacenista"
"032"|"Operativos"|"06"|"Choferesa,Chofer"
"033"|"Operativos"|"06"|"Encuestadora,or"
"034"|"Operativos"|"07"|"Asistenta,e Administrativa,o"
"035"|"Operativos"|"07"|"Capturista 'A'"
"036"|"Operativos"|"07"|"Cocinera,o de Albergue de la Comisión Ejecutiva de Atención a Víctimas"
"037"|"Operativos"|"07"|"Coordinadora,or de Encuestadoras,es"
"038"|"Operativos"|"07"|"Intendente de Albergue de la Comisión Ejecutiva de Atención a Víctimas"
"039"|"Operativos"|"07"|"Jardinera,o 'A'"
"040"|"Operativos"|"07"|"Microfilmadora,or"
"041"|"Operativos"|"07"|"Música,o R-2 "
"042"|"Operativos"|"07"|"Piscicultora,or 'A'"
"043"|"Operativos"|"07"|"Recepcionista de Albergue de la Comisión Ejecutiva de Atención a Víctimas"
"044"|"Operativos"|"07"|"Secretaria,o 'E' "
"045"|"Operativos"|"08"|"Analista de Trámites y Servicios Fiscales 'C'"
"046"|"Operativos"|"08"|"Auxiliar de Contadora,or"
"047"|"Operativos"|"08"|"Auxiliar de Mantenimiento General"
"048"|"Operativos"|"08"|"Bibliotecaria,o  "
"049"|"Operativos"|"08"|"Bibliotecaria,o Especializada,o"
"050"|"Operativos"|"08"|"Capturista de Centro de Cómputo"
"051"|"Operativos"|"08"|"Coordinadora,or de Eventos y Talleres"
"052"|"Operativos"|"08"|"Ecónoma,o "
"053"|"Operativos"|"08"|"Guía de Museo"
"054"|"Operativos"|"08"|"Impresora,or"
"055"|"Operativos"|"08"|"Inspectora,o de Movilidad"
"056"|"Operativos"|"08"|"Inspectora,or de Transporte"
"057"|"Operativos"|"08"|"Jefa,e de Archivo"
"058"|"Operativos"|"08"|"Jefa,e de Biblioteca "
"059"|"Operativos"|"08"|"Mecánica,o Automotriz  "
"060"|"Operativos"|"08"|"Niñera,o 'B'"
"061"|"Operativos"|"08"|"Operadora,or de Computador"
"062"|"Operativos"|"08"|"Preparadora,or de Trabajos "
"063"|"Operativos"|"08"|"Supervisora,or de Captura"
"064"|"Operativos"|"08"|"Supervisora,or de Captura de Contaduría"
"065"|"Operativos"|"08"|"Verificadora,or de Documentos de Servicios al Público"
"066"|"Operativos"|"09"|"Auxiliar de Planeación Ecológica"
"067"|"Operativos"|"09"|"Música,o R-3"
"068"|"Operativos"|"09"|"Notificadora,or "
"069"|"Operativos"|"09"|"Notificadora,or de Uso del Suelo"
"070"|"Operativos"|"09"|"Notificadora,or del TJAEM"
"071"|"Operativos"|"09"|"Notificadora,or Fiscal"
"072"|"Operativos"|"09"|"Notificadora,or Laboral"
"073"|"Operativos"|"09"|"Operadora,or de Computador de Centro de Cómputo"
"074"|"Operativos"|"09"|"Promotora,or Turística,o  "
"075"|"Operativos"|"09"|"Radio Operadora,or y Paramédica,o"
"076"|"Operativos"|"09"|"Secretaria,o 'D'"
"077"|"Operativos"|"09"|"Vigilante de Museo"
"078"|"Operativos"|"10"|"Administradora,or de Campamento"
"079"|"Operativos"|"10"|"Auxiliar de Investigadora,or Social"
"080"|"Operativos"|"10"|"Auxiliar de Trámites de Movilidad"
"081"|"Operativos"|"10"|"Auxiliar Jurídica,o"
"082"|"Operativos"|"10"|"Cartógrafa,o"
"083"|"Operativos"|"10"|"Choferesa,Chofer de Comisión Ejecutiva"
"084"|"Operativos"|"10"|"Custodia,o 'C'"
"085"|"Operativos"|"10"|"Dibujante"
"086"|"Operativos"|"10"|"Estadígrafa,o"
"087"|"Operativos"|"10"|"Fotógrafa,o  "
"088"|"Operativos"|"10"|"Inspectora,or de Construcción"
"089"|"Operativos"|"10"|"Jefa,e de Almacén  "
"090"|"Operativos"|"10"|"Niñera,o 'A'"
"091"|"Operativos"|"10"|"Niñera,o 'B' de CAM"
"092"|"Operativos"|"10"|"Notificadora,or Ejecutora,or Fiscal"
"093"|"Operativos"|"10"|"Promotora,or del Registro Civil"
"094"|"Operativos"|"10"|"Recepcionista de Servidora,or Pública,o Superiora,or"
"095"|"Operativos"|"10"|"Supervisora,or de Captura de Centro de Cómputo"
"096"|"Operativos"|"10"|"Técnica,o en Mantenimiento"
"097"|"Operativos"|"10"|"Técnica,o en Mantenimiento Aeronáutico"
"098"|"Operativos"|"10"|"Verificadora,or de Procesos Editoriales"
"099"|"Operativos"|"10"|"Vigilante de Albergue de la Comisión Ejecutiva de Atención a Víctimas"
"100"|"Operativos"|"11"|"Analista Auxiliar"
"101"|"Operativos"|"11"|"Analista Auxiliar de Contaduría"
"102"|"Operativos"|"11"|"Analista de Trámites y Servicios Fiscales 'B'"
"103"|"Operativos"|"11"|"Auxiliar de Auditora,or"
"104"|"Operativos"|"11"|"Auxiliar Museográfica,o  "
"105"|"Operativos"|"11"|"Ayudante General de Eventos Especiales 'B'"
"106"|"Operativos"|"11"|"Choferesa,Chofer Asistente"
"107"|"Operativos"|"11"|"Contadora,or de Rentas 'C'"
"108"|"Operativos"|"11"|"Cotizadora,or"
"109"|"Operativos"|"11"|"Decreto 86-E"
"110"|"Operativos"|"11"|"Educadora,or Ambiental"
"111"|"Operativos"|"11"|"Instructora,or de Oficios en Centro de Readaptación Social"
"112"|"Operativos"|"11"|"Instructora,or Vial"
"113"|"Operativos"|"11"|"Policía"
"114"|"Operativos"|"11"|"Promotora,or del Hogar Rural"
"115"|"Operativos"|"12"|"Administradora,or de Centro Turístico "
"116"|"Operativos"|"12"|"Asistenta,e de Producción "
"117"|"Operativos"|"12"|"Auxiliar de Planeación Urbana"
"118"|"Operativos"|"12"|"Correctora,or de Estilo"
"119"|"Operativos"|"12"|"Custodia,o 'B'"
"120"|"Operativos"|"12"|"Enfermera,o"
"121"|"Operativos"|"12"|"Intendente de Unidad de Apoyo a la Administración General"
"122"|"Operativos"|"12"|"Jefa,e de Oficina R-1  "
"123"|"Operativos"|"12"|"Niñera,o 'A' de CAM"
"124"|"Operativos"|"12"|"Paramédica,o"
"125"|"Operativos"|"12"|"Prefecta,o  "
"126"|"Operativos"|"12"|"Promotora,or de Centro de Readaptación Social"
"127"|"Operativos"|"12"|"Recepcionista de Oficina de Secretaria,o"
"128"|"Operativos"|"12"|"Rotuladora,or para Eventos Especiales"
"129"|"Operativos"|"12"|"Supervisora,or de Bibliotecas"
"130"|"Operativos"|"12"|"Supervisora,or de Proyectos de Construcción "
"131"|"Operativos"|"12"|"Técnica,o en Comunicaciones "
"132"|"Operativos"|"12"|"Técnica,o en Comunicaciones del SEI"
"133"|"Operativos"|"12"|"Trabajadora,or Social"
"134"|"Operativos"|"12"|"Trabajadora,or Social de FGJ  "
"135"|"Operativos"|"13"|"Agente de Información de Ciudadana"
"136"|"Operativos"|"13"|"Ayudante General de Eventos Especiales 'A'"
"137"|"Operativos"|"13"|"Camarógrafa,o"
"138"|"Operativos"|"13"|"Custodia,o 'A'"
"139"|"Operativos"|"13"|"Decreto 86-F"
"140"|"Operativos"|"13"|"Dibujante Especializada,o"
"141"|"Operativos"|"13"|"Diseñadora,or Gráfica,o "
"142"|"Operativos"|"13"|"Inspectora,or de Obra"
"143"|"Operativos"|"13"|"Instructora,or de Capacitación"
"144"|"Operativos"|"13"|"Investigadora,or Histórica,o"
"145"|"Operativos"|"13"|"Jefa,e de Mantenimiento de Sistemas Telefónicos"
"146"|"Operativos"|"13"|"Jefa,e de Mantenimiento en General"
"147"|"Operativos"|"13"|"Jefa,e de Mecánicas,os Automotrices"
"148"|"Operativos"|"13"|"Policía Tercera,o"
"149"|"Operativos"|"13"|"Promotora,or de Empleo"
"150"|"Operativos"|"13"|"Promotora,or de Financiamiento y del Seguro"
"151"|"Operativos"|"13"|"Promotora,or de Insumos Agropecuarios"
"152"|"Operativos"|"13"|"Promotora,or de Organización de Productoras,es"
"153"|"Operativos"|"13"|"Promotora,or de Organización y Capacitación Agroindustrial"
"154"|"Operativos"|"13"|"Promotora,or Deportiva,o "
"155"|"Operativos"|"13"|"Proyectista"
"156"|"Operativos"|"13"|"Secretaria,o 'C' "
"157"|"Operativos"|"13"|"Topógrafa,o "
"158"|"Operativos"|"14"|"Analista 'D'"
"159"|"Operativos"|"14"|"Analista de Albergue de la Comisión Ejecutiva de Atención a Víctimas"
"160"|"Operativos"|"14"|"Analista de Trámites y Servicios Fiscales 'A'"
"161"|"Operativos"|"14"|"Contadora,or de Rentas 'B'"
"162"|"Operativos"|"14"|"Coordinadora,or de Bibliotecas"
"163"|"Operativos"|"14"|"Coordinadora,or de Extensión y Difusión Cultural"
"164"|"Operativos"|"14"|"Coordinadora,or Regional de Archivos Históricos"
"165"|"Operativos"|"14"|"Decreto 86-H"
"166"|"Operativos"|"14"|"Directora,or 'E' de Museo"
"167"|"Operativos"|"14"|"Jefa,e de Brigada de Eventos Especiales"
"168"|"Operativos"|"14"|"Jefa,e de Oficina R-2"
"169"|"Operativos"|"14"|"Jefa,e de Turno de Unidad de Rescate"
"170"|"Operativos"|"14"|"Museógrafa,o"
"171"|"Operativos"|"14"|"Perita,o en Trabajo Social Forense"
"172"|"Operativos"|"14"|"Policía Segunda,o"
"173"|"Operativos"|"14"|"Redactora,or"
"174"|"Operativos"|"14"|"Supervisora,or Especializada,o de Producción"
"175"|"Operativos"|"14"|"Técnica,o en Necropsias"
"176"|"Operativos"|"14"|"Técnica,o Laboral "
"177"|"Operativos"|"14"|"Trabajadora,or Social de Comisión Ejecutiva"
"178"|"Operativos"|"14"|"Trabajadora,or Social de CPRS"
"179"|"Operativos"|"15"|"Actuaria,o del TJAEM"
"180"|"Operativos"|"15"|"Actuaria,o del Tribunal Estatal de Conciliación y Arbitraje"
"181"|"Operativos"|"15"|"Analista 'C'"
"182"|"Operativos"|"15"|"Analista 'C' de Contaduría"
"183"|"Operativos"|"15"|"Auditora,or"
"184"|"Operativos"|"15"|"Auditora,or Fiscal"
"185"|"Operativos"|"15"|"Consejera,o de Empleo "
"186"|"Operativos"|"15"|"Coordinadora,or de Capacitación"
"187"|"Operativos"|"15"|"Coordinadora,or de Turismo Social"
"188"|"Operativos"|"15"|"Dactiloscopista"
"189"|"Operativos"|"15"|"Investigadora,or Social 'B'"
"190"|"Operativos"|"15"|"Jefa,e de Enfermera,o"
"191"|"Operativos"|"15"|"Jefa,e de Sección "
"192"|"Operativos"|"15"|"Jefa,e de Sección Musical"
"193"|"Operativos"|"15"|"Jefa,e de Topógrafas,os "
"194"|"Operativos"|"15"|"Operadora,or de Sonido de Eventos Especiales"
"195"|"Operativos"|"15"|"Perita,o Auxiliar "
"196"|"Operativos"|"15"|"Preparadora,or Física,o  "
"197"|"Operativos"|"15"|"Programadora,or de Sistemas"
"198"|"Operativos"|"15"|"Promotora,or Piscícola 'B'"
"199"|"Operativos"|"15"|"Promotora,or Social de Preceptoría Juvenil"
"200"|"Operativos"|"15"|"Subjefa,e de Traslados"
"201"|"Operativos"|"15"|"Técnica,o Restauradora,or"
"202"|"Operativos"|"16"|"Contadora,or de Rentas 'A'"
"203"|"Operativos"|"16"|"Controlista Pagadora,or de Caja General"
"204"|"Operativos"|"16"|"Directora,or de Centro Regional de Cultura"
"205"|"Operativos"|"16"|"Jefa,e de Oficina R-3  "
"206"|"Operativos"|"16"|"Música,o Subdirectora,or "
"207"|"Operativos"|"16"|"Nutrióloga,o"
"208"|"Operativos"|"16"|"Policía Primera,o "
"209"|"Operativos"|"16"|"Psicóloga,o"
"210"|"Operativos"|"16"|"Subjefa,e de Vigilancia"
"211"|"Operativos"|"16"|"Suboficial"
"212"|"Operativos"|"16"|"Supervisora,or 'B' de Pagos al Personal"
"213"|"Operativos"|"16"|"Supervisora,or de Servicios"
"214"|"Operativos"|"16"|"Técnica,o Especializada,o en Planeación Urbana"
"215"|"Operativos"|"17"|"Actuaria,o de la Junta Local de Conciliación y Arbitraje"
"216"|"Operativos"|"17"|"Analista 'B'"
"217"|"Operativos"|"17"|"Analista de Resultados Finales"
"218"|"Operativos"|"17"|"Conciliadora,or Laboral"
"219"|"Operativos"|"17"|"Coordinadora,or de Promoción Deportiva"
"220"|"Operativos"|"17"|"Coordinadora,or Interna,o de Capacitación y Desarrollo"
"221"|"Operativos"|"17"|"Curadora,or"
"222"|"Operativos"|"17"|"Inspectora,or Verificadora,or de Movilidad"
"223"|"Operativos"|"17"|"Instructora,or de Sistemas de Cómputo"
"224"|"Operativos"|"17"|"Investigadora,or Social 'A'"
"225"|"Operativos"|"17"|"Jefa,e de Brigada de Eventos Especiales"
"226"|"Operativos"|"17"|"Jefa,e de Traslados"
"227"|"Operativos"|"17"|"Mediadora,or Conciliadora,or del TJAEM"
"228"|"Operativos"|"17"|"Perita,o 'A' de Secretaría del Trabajo"
"229"|"Operativos"|"17"|"Perita,o 'C'"
"230"|"Operativos"|"17"|"Secretaria,o 'B' "
"231"|"Operativos"|"17"|"Secretaria,o de Oficina de Certificación de Confianza"
"232"|"Operativos"|"17"|"Secretaria,o de Presidenta,e de Junta Especial de Conciliación y Arbitraje"
"233"|"Operativos"|"17"|"Supervisora,or de Avance de Obra"
"234"|"Operativos"|"17"|"Supervisora,or de Oficialías del Registro Civil"
"235"|"Operativos"|"18"|"Abogada,o Dictaminadora,or  "
"236"|"Operativos"|"18"|"Abogada,o Dictaminadora,or de Responsabilidades"
"237"|"Operativos"|"18"|"Administradora,or de Centro de Readaptación Social"
"238"|"Operativos"|"18"|"Agente Investigadora,or R-3"
"239"|"Operativos"|"18"|"Analista 'A'"
"240"|"Operativos"|"18"|"Analista 'A' de Contaduría"
"241"|"Operativos"|"18"|"Auxiliar Administrativa,o de Oficina de Servidora,or Pública,o Superiora,or"
"242"|"Operativos"|"18"|"Auxiliar de Mantenimiento de Unidad de Apoyo a la Administración General"
"243"|"Operativos"|"18"|"Certificadora,or del TJAEM"
"244"|"Operativos"|"18"|"Choferesa,Chofer Especializada,o"
"245"|"Operativos"|"18"|"Coordinadora,or de Acervo Musical"
"246"|"Operativos"|"18"|"Decreto 86-G"
"247"|"Operativos"|"18"|"Evaluadora,or Socioeconómica,o"
"248"|"Operativos"|"18"|"Ginecóloga,o de Centro de Readaptación Social "
"249"|"Operativos"|"18"|"Ingeniera,o Agrónoma,o "
"250"|"Operativos"|"18"|"Ingeniera,o en Sistemas"
"251"|"Operativos"|"18"|"Investigadora,or"
"252"|"Operativos"|"18"|"Jefa,e de Vigilancia R-3 "
"253"|"Operativos"|"18"|"Médica,o de Centro de Readaptación Social"
"254"|"Operativos"|"18"|"Médica,o Evaluadora,or"
"255"|"Operativos"|"18"|"Médica,o General  "
"256"|"Operativos"|"18"|"Médica,o General de Unidad de Rescate"
"257"|"Operativos"|"18"|"Médica,o Veterinaria,o  "
"258"|"Operativos"|"18"|"Pediatra de Centro de Readaptación Social"
"259"|"Operativos"|"18"|"Perita,o 'B'"
"260"|"Operativos"|"18"|"Promotora,or Piscícola 'A'"
"261"|"Operativos"|"18"|"Psicóloga,o de CPRS"
"262"|"Operativos"|"18"|"Psicóloga,o Evaluadora,or"
"263"|"Operativos"|"18"|"Radio Operadora,or de Servicios Aéreos"
"264"|"Operativos"|"18"|"Secretaria,o de Acuerdos del Tribunal Estatal de Conciliación y Arbitraje"
"265"|"Operativos"|"18"|"Secretaria,o Proyectista del TJAEM"
"266"|"Operativos"|"18"|"Supervisora,or de Auditoría Fiscal"
"267"|"Operativos"|"19"|"Coordinadora,or de Trabajo Social en Centros de Readaptación Social"
"268"|"Operativos"|"19"|"Defensora,or"
"269"|"Operativos"|"19"|"Defensora,or Especializada,o de Comisión Ejecutiva"
"270"|"Operativos"|"19"|"Directora,or 'D' de Museo"
"271"|"Operativos"|"19"|"Enfermera,o de Albergue de la Comisión Ejecutiva de Atención a Víctimas"
"272"|"Operativos"|"19"|"Inspectora,or de Ecología"
"273"|"Operativos"|"19"|"Inspectora,or de Seguridad e Higiene"
"274"|"Operativos"|"19"|"Inspectora,or de Trabajo"
"275"|"Operativos"|"19"|"Jefa,e de Analistas"
"276"|"Operativos"|"19"|"Jefa,e de Analistas de Contaduría"
"277"|"Operativos"|"19"|"Jefa,e de Centro Piscícola "
"278"|"Operativos"|"19"|"Jefa,e de Supervisoras,es de Avance de Obra"
"279"|"Operativos"|"19"|"Jefa,e de Vigilancia R-2  "
"280"|"Operativos"|"19"|"Jefa,e de Zona de Registro Civil"
"281"|"Operativos"|"19"|"Jefa,e Regional del Registro Civil"
"282"|"Operativos"|"19"|"Médica,o Legista 'C'"
"283"|"Operativos"|"19"|"Música,o Directora,or"
"284"|"Operativos"|"19"|"Oficial de Operaciones Aeronáuticas"
"285"|"Operativos"|"19"|"Perita,o 'A' "
"286"|"Operativos"|"19"|"Poligrafista de Certificación de Confianza"
"287"|"Operativos"|"19"|"Secretaria,o 'A'  "
"288"|"Operativos"|"19"|"Supervisora,or Especializada,o de Servicio Técnico"
"289"|"Operativos"|"19"|"Trabajadora,or Social de Albergue de la Comisión Ejecutiva de Atención a Víctimas"
"290"|"Operativos"|"19"|"Verificadora,or de Protección Civil"
"291"|"Operativos"|"20"|"Abogada,o Dictaminadora,or de Responsabilidades de la Contraloría"
"292"|"Operativos"|"20"|"Administradora,or de Centro de Servicios Fiscales 'C' "
"293"|"Operativos"|"20"|"Agente Investigadora,or R-2"
"294"|"Operativos"|"20"|"Analista Multidisciplinaria,o en Género "
"295"|"Operativos"|"20"|"Asesora,or Comisionada,o del TJAEM"
"296"|"Operativos"|"20"|"Asesora,or Júridica,o de Albergue de la Comisión Ejecutiva de Atención a Víctimas"
"297"|"Operativos"|"20"|"Asistenta,e de Concertino"
"298"|"Operativos"|"20"|"Asistenta,e de Principal 'A'  "
"299"|"Operativos"|"20"|"Asistenta,e de Principal 'B' "
"300"|"Operativos"|"20"|"Asistenta,e de Principal 'C'  "
"301"|"Operativos"|"20"|"Asistenta,e de Principal 'D'  "
"302"|"Operativos"|"20"|"Asistenta,e de Principal 'E'  "
"303"|"Operativos"|"20"|"Auditora,or de Etica"
"304"|"Operativos"|"20"|"Auditora,or de la Contraloría"
"305"|"Operativos"|"20"|"Auditora,or de Obra de la Contraloría"
"306"|"Operativos"|"20"|"Auditora,or Financiera,o"
"307"|"Operativos"|"20"|"Auxiliar Administrativa,o 'G' de Servidora,or Pública,o Superiora,or"
"308"|"Operativos"|"20"|"Ayudante de Servicios de Oficina de Servidora,or Pública,o Superiora,or"
"309"|"Operativos"|"20"|"Concertino"
"310"|"Operativos"|"20"|"Coordinadora,or de Auditoría Fiscal"
"311"|"Operativos"|"20"|"Coordinadora,or de Eventos Especiales"
"312"|"Operativos"|"20"|"Coordinadora,or de Zona"
"313"|"Operativos"|"20"|"Criminóloga,o de Centro de Readaptación Social"
"314"|"Operativos"|"20"|"Evaluadora,or de Riesgo Procesal"
"315"|"Operativos"|"20"|"Inspectora,or"
"316"|"Operativos"|"20"|"Investigadora,or de Comisión Ejecutiva"
"317"|"Operativos"|"20"|"Jefa,e 'B' de  Proyecto"
"318"|"Operativos"|"20"|"Jefa,e 'B' de  Proyecto de Contaduría"
"319"|"Operativos"|"20"|"Jefa,e de Analistas de Contaduría General Gubernamental"
"320"|"Operativos"|"20"|"Jefa,e de Centro Regional de Operaciones"
"321"|"Operativos"|"20"|"Jefa,e de Taller Mecánico"
"322"|"Operativos"|"20"|"Médica,o General de Albergue de la Comisión Ejecutiva de Atención a Víctimas"
"323"|"Operativos"|"20"|"Médica,o Veterinaria,o de Zoológico"
"324"|"Operativos"|"20"|"Odontóloga,o"
"325"|"Operativos"|"20"|"Oficial"
"326"|"Operativos"|"20"|"Principal 'A'"
"327"|"Operativos"|"20"|"Principal 'B'"
"328"|"Operativos"|"20"|"Principal 'C'"
"329"|"Operativos"|"20"|"Principal 'D'"
"330"|"Operativos"|"20"|"Principal 'E'"
"331"|"Operativos"|"20"|"Procuradora,or Auxiliar del Trabajo"
"332"|"Operativos"|"20"|"Psicóloga,o de Albergue de la Comisión Ejecutiva de Atención a Víctimas"
"333"|"Operativos"|"20"|"Psicóloga,o de Comisión Ejecutiva"
"334"|"Operativos"|"20"|"Psicóloga,o de FGJ "
"335"|"Operativos"|"20"|"Secretaria,o de Centro de Readaptación Social"
"336"|"Operativos"|"20"|"Subinspectora,or"
"337"|"Operativos"|"20"|"Supervisora,or de Auditoría"
"338"|"Operativos"|"20"|"Supervisora,or de Medidas Cautelares"
"339"|"Operativos"|"20"|"Supervisora,or de Obra Terminada"
"340"|"Operativos"|"20"|"Tuti 'A'"
"341"|"Operativos"|"20"|"Tuti 'B'"
"342"|"Operativos"|"20"|"Tuti 'C'"
"343"|"Operativos"|"20"|"Tuti 'D'"
"344"|"Operativos"|"20"|"Tuti 'E'"
"345"|"Operativos"|"20"|"Tuti 'F'"
"346"|"Operativos"|"20"|"Tuti 'G'"
"347"|"Operativos"|"20"|"Tuti 'H'"
"348"|"Operativos"|"20"|"Tuti 'I'"
"349"|"Operativos"|"20"|"Tuti 'J'"
"350"|"Operativos"|"20"|"Tuti 'K'"
"351"|"Operativos"|"20"|"Tuti 'L'"
"352"|"Operativos"|"20"|"Tuti 'M'"
"353"|"Operativos"|"20"|"Tuti 'N'"
"354"|"Operativos"|"20"|"Tuti 'O'"
"355"|"Operativos"|"20"|"Tuti 'P'"
"356"|"Operativos"|"20"|"Tuti 'Q'"
"357"|"Operativos"|"21"|"Analista de Proyectos de Centro de Prevención del Delito"
"358"|"Operativos"|"21"|"Analista de Proyectos de FGJ"
"359"|"Operativos"|"21"|"Analista de Sistemas Computacionales del SEI"
"360"|"Operativos"|"21"|"Analista de Unidad de Apoyo a la Administración General"
"361"|"Operativos"|"21"|"Jefa,e de Servicios Médicos de Centro de Readaptación Social"
"362"|"Operativos"|"21"|"Médica,o Legista 'B' "
"363"|"Operativos"|"21"|"Perita,o de Defensoría Pública"
"364"|"Operativos"|"21"|"Policía de Fuerza Especial"
"365"|"Operativos"|"21"|"Productora,or de Video"
"366"|"Operativos"|"21"|"Programadora,or de Sistemas del SEI"
"367"|"Operativos"|"21"|"Residente Local de Obras"
"368"|"Operativos"|"21"|"Secretaria,o de Acuerdos  "
"369"|"Operativos"|"21"|"Secretaria,o de Acuerdos de la Junta Local de Conciliación y Arbitraje 'B'"
"370"|"Operativos"|"22"|"Agente Investigadora,or R-1"
"371"|"Operativos"|"22"|"Asesora,or Jurídica,o Especializada,o"
"372"|"Operativos"|"22"|"Choferesa,Chofer de Servidora,or Pública,o Superiora,or"
"373"|"Operativos"|"22"|"Coordinadora,or de Servicios Municipales de Empleo"
"374"|"Operativos"|"22"|"Directora,or 'C' de Museo"
"375"|"Operativos"|"22"|"Enlace Administrativa,o"
"376"|"Operativos"|"22"|"Jefa,e de Proyecto de Informática"
"377"|"Operativos"|"22"|"Jefa,e de Vigilancia R-1"
"378"|"Operativos"|"22"|"Líderesa,Líder 'B' de  Proyecto"
"379"|"Operativos"|"22"|"Poligrafista"
"380"|"Operativos"|"22"|"Secretaria,o de la Sala Regional del TJAEM"
"381"|"Operativos"|"22"|"Secretaria,o de Oficina de Servidora,or Pública,o Superiora,or"
"382"|"Operativos"|"22"|"Secretaria,o del Ministerio Público R-2"
"383"|"Operativos"|"22"|"Secretaria,o Instructora,or del TJAEM"
"384"|"Operativos"|"22"|"Secretaria,o Substanciadora,or del TJAEM"
"385"|"Operativos"|"22"|"Supervisora,or de Notarías"
"386"|"Operativos"|"23"|"Abogada,o Dictaminadora,or de Procuraduría Fiscal"
"387"|"Operativos"|"23"|"Abogada,o Dictaminadora,or Jurídica,o y Consultiva,o"
"388"|"Operativos"|"23"|"Administradora,or de Centro de Servicios Fiscales 'B' "
"389"|"Operativos"|"23"|"Agente Especial de Criminalística R-1"
"390"|"Operativos"|"23"|"Choferesa,Chofer 'G' de Servidora,or Pública,o Superiora,or"
"391"|"Operativos"|"23"|"Choferesa,Chofer de Directora,or General"
"392"|"Operativos"|"23"|"Coordinadora,or de Albergue de la Comisión Ejecutiva de Atención a Víctimas"
"393"|"Operativos"|"23"|"Defensora,or Pública,o "
"394"|"Operativos"|"23"|"Ingeniera,o en Sistemas del SEI "
"395"|"Operativos"|"23"|"Inspectora,or Jefa,e"
"396"|"Operativos"|"23"|"Jefa,e de Área  "
"397"|"Operativos"|"23"|"Jefa,e de Área de Contaduría"
"398"|"Operativos"|"23"|"Jefa,e de Grupo de Agentes Investigadoras,es"
"399"|"Operativos"|"23"|"Médica,o Especialista"
"400"|"Operativos"|"23"|"Médica,o Legista 'A' "
"401"|"Operativos"|"23"|"Presidenta,e de Preceptoría Juvenil"
"402"|"Operativos"|"23"|"Psiquiatra de Centro de Readaptación Social"
"403"|"Operativos"|"23"|"Secretaria,o de Acuerdos de la Junta Local de Conciliación y Arbitraje 'A'"
"404"|"Operativos"|"23"|"Secretaria,o de Oficina de Consejera,o Jurídica,o"
"405"|"Operativos"|"23"|"Secretaria,o de Oficina de Coordinadora,or General"
"406"|"Operativos"|"23"|"Secretaria,o de Oficina de Fiscal Central"
"407"|"Operativos"|"23"|"Secretaria,o de Oficina de Subsecretaria,o"
"408"|"Operativos"|"23"|"Secretaria,o de Subcoordinadora,or de Unidad de Apoyo a la Administración General"
"409"|"Operativos"|"23"|"Secretaria,o del Ministerio Público R-1"
"410"|"Operativos"|"23"|"Subcomandante de Agentes Investigadoras,es"
"411"|"Operativos"|"23"|"Subdirectora,or de Centro de Readaptación Social"
"412"|"Operativos"|"23"|"Supervisora,or de Procuradoras,es Auxiliares de Trabajo"
"413"|"Operativos"|"23"|"Supervisora,or Médica,o en Área Normativa"
"414"|"Enlace y Apoyo Técnico"|"24"|"Agente del Ministerio Público R-2"
"415"|"Enlace y Apoyo Técnico"|"24"|"Auditora,or 'B' de Contraloría"
"416"|"Enlace y Apoyo Técnico"|"24"|"Auxiliar de la Junta Local de Conciliación y Arbitraje"
"417"|"Enlace y Apoyo Técnico"|"24"|"Choferesa,Chofer 'B' de Coordinadora,or General "
"418"|"Enlace y Apoyo Técnico"|"24"|"Choferesa,Chofer de Ayudantías"
"419"|"Enlace y Apoyo Técnico"|"24"|"Choferesa,Chofer de Coordinadora,or de FGJ"
"420"|"Enlace y Apoyo Técnico"|"24"|"Choferesa,Chofer de Coordinadora,or Regional de Fiscalía"
"421"|"Enlace y Apoyo Técnico"|"24"|"Choferesa,Chofer de Fiscal Central"
"422"|"Enlace y Apoyo Técnico"|"24"|"Choferesa,Chofer de Fiscal General de FGJ"
"423"|"Enlace y Apoyo Técnico"|"24"|"Choferesa,Chofer de Fiscal Regional de FGJ"
"424"|"Enlace y Apoyo Técnico"|"24"|"Choferesa,Chofer de Jefa,e de Unidad de Fiscalía"
"425"|"Enlace y Apoyo Técnico"|"24"|"Choferesa,Chofer de Pull de Gubernatura"
"426"|"Enlace y Apoyo Técnico"|"24"|"Choferesa,Chofer de Pull de Unidad de Apoyo a la Administración General"
"427"|"Enlace y Apoyo Técnico"|"24"|"Choferesa,Chofer de Secretaria,o Técnica,o de Gabinete"
"428"|"Enlace y Apoyo Técnico"|"24"|"Choferesa,Chofer de Subsecretaria,o"
"429"|"Enlace y Apoyo Técnico"|"24"|"Cocinera,o de Casa Estado de México"
"430"|"Enlace y Apoyo Técnico"|"24"|"Conciliadora,or de Conflictos Laborales"
"431"|"Enlace y Apoyo Técnico"|"24"|"Decreto 86-I"
"432"|"Enlace y Apoyo Técnico"|"24"|"Despachadora,or de Aeronave 'A'"
"433"|"Enlace y Apoyo Técnico"|"24"|"Despachadora,or de Aeronave 'B'"
"434"|"Enlace y Apoyo Técnico"|"24"|"Despachadora,or de Aeronaves"
"435"|"Enlace y Apoyo Técnico"|"24"|"Jefa,e 'A' de Proyecto "
"436"|"Enlace y Apoyo Técnico"|"24"|"Mecánica,o 'B' de Aeronave"
"437"|"Enlace y Apoyo Técnico"|"24"|"Mesera,o de Casa Estado de México"
"438"|"Enlace y Apoyo Técnico"|"24"|"Motociclista de Ayudantías"
"439"|"Enlace y Apoyo Técnico"|"24"|"Oficial Aéreo"
"440"|"Enlace y Apoyo Técnico"|"24"|"Paramédica,o Rescatista"
"441"|"Enlace y Apoyo Técnico"|"24"|"Radio Operadora,or Especializada,o de Servicios Aéreos"
"442"|"Enlace y Apoyo Técnico"|"24"|"Secretaria,o de  Subsecretaria,o General"
"443"|"Enlace y Apoyo Técnico"|"24"|"Secretaria,o de Consejera,o Jurídica,o"
"444"|"Enlace y Apoyo Técnico"|"24"|"Secretaria,o de Coordinadora,or de FGJ"
"445"|"Enlace y Apoyo Técnico"|"24"|"Secretaria,o de Coordinadora,or de Unidad de Apoyo a la Administración General"
"446"|"Enlace y Apoyo Técnico"|"24"|"Secretaria,o de Coordinadora,or General"
"447"|"Enlace y Apoyo Técnico"|"24"|"Secretaria,o de Coordinadora,or Regional de FGJ"
"448"|"Enlace y Apoyo Técnico"|"24"|"Secretaria,o de Directora,or General"
"449"|"Enlace y Apoyo Técnico"|"24"|"Secretaria,o de Fiscal Central"
"450"|"Enlace y Apoyo Técnico"|"24"|"Secretaria,o de Fiscal Especial de FGJ"
"451"|"Enlace y Apoyo Técnico"|"24"|"Secretaria,o de Fiscal General de FGJ"
"452"|"Enlace y Apoyo Técnico"|"24"|"Secretaria,o de Fiscal Regional de FGJ"
"453"|"Enlace y Apoyo Técnico"|"24"|"Secretaria,o de Jefa,e de Unidad de Fiscalía"
"454"|"Enlace y Apoyo Técnico"|"24"|"Secretaria,o de Oficina de Fiscal General"
"455"|"Enlace y Apoyo Técnico"|"24"|"Secretaria,o de Oficina de Secretaría Técnica del Gabinete"
"456"|"Enlace y Apoyo Técnico"|"24"|"Secretaria,o de Oficina de Secretaria,o"
"457"|"Enlace y Apoyo Técnico"|"24"|"Secretaria,o de Oficina del Secretaria,o Particular de C. Gobernadora,or"
"458"|"Enlace y Apoyo Técnico"|"24"|"Secretaria,o de Secretaria,o Técnica,o de Consejo Estatal de Población"
"459"|"Enlace y Apoyo Técnico"|"24"|"Secretaria,o de Subsecretaria,o"
"460"|"Enlace y Apoyo Técnico"|"24"|"Secretaria,o de Visitadora,or General"
"461"|"Enlace y Apoyo Técnico"|"24"|"Subdirectora,or de Colegio de Policía"
"462"|"Enlace y Apoyo Técnico"|"25"|"Administradora,or de Centro de Servicios Administrativos 'C'"
"463"|"Enlace y Apoyo Técnico"|"25"|"Administradora,or de Unidad Deportiva"
"464"|"Enlace y Apoyo Técnico"|"25"|"Agente Auxiliar de Fiscalía"
"465"|"Enlace y Apoyo Técnico"|"25"|"Agente del Ministerio Público Auxiliar de la Fiscalía"
"466"|"Enlace y Apoyo Técnico"|"25"|"Agente del Ministerio Público R-1"
"467"|"Enlace y Apoyo Técnico"|"25"|"Agente del Ministerio Público Visitadora,or"
"468"|"Enlace y Apoyo Técnico"|"25"|"Analista Especializada,o 'C' de Gobierno"
"469"|"Enlace y Apoyo Técnico"|"25"|"Asesora,or 'B' de Subsecretaria,o"
"470"|"Enlace y Apoyo Técnico"|"25"|"Asesora,or 'D' de Secretaria,o "
"471"|"Enlace y Apoyo Técnico"|"25"|"Auditora,or 'A' de Contraloría"
"472"|"Enlace y Apoyo Técnico"|"25"|"Auxiliar de Asesora,or de Fiscal General"
"473"|"Enlace y Apoyo Técnico"|"25"|"Auxiliar de Asesora,or de Secretaria,o"
"474"|"Enlace y Apoyo Técnico"|"25"|"Ayudante 'A' de Seguridad"
"475"|"Enlace y Apoyo Técnico"|"25"|"Choferesa,Chofer de Jefa,e de Unidad de Apoyo a la Administración General"
"476"|"Enlace y Apoyo Técnico"|"25"|"Choferesa,Chofer de Secretaria,o"
"477"|"Enlace y Apoyo Técnico"|"25"|"Choferesa,Chofer de Subsecretaria,o General"
"478"|"Enlace y Apoyo Técnico"|"25"|"Comandante"
"479"|"Enlace y Apoyo Técnico"|"25"|"Coordinadora,or de Instalaciones Deportivas"
"480"|"Enlace y Apoyo Técnico"|"25"|"Decreto 86-C"
"481"|"Enlace y Apoyo Técnico"|"25"|"Escolta 'A' "
"482"|"Enlace y Apoyo Técnico"|"25"|"Escolta 'B' "
"483"|"Enlace y Apoyo Técnico"|"25"|"Inspectora,or General"
"484"|"Enlace y Apoyo Técnico"|"25"|"Jefa,e 'A' de Proyecto de Gubernatura"
"485"|"Enlace y Apoyo Técnico"|"25"|"Jefa,e de Proyecto de Unidad de Apoyo a la Administración General"
"486"|"Enlace y Apoyo Técnico"|"25"|"Lideresa,Líder 'A' de Proyecto"
"487"|"Enlace y Apoyo Técnico"|"25"|"Mecánica,o 'A' de Aeronave "
"488"|"Enlace y Apoyo Técnico"|"25"|"Oficial Conciliadora,or"
"489"|"Enlace y Apoyo Técnico"|"25"|"Secretaria,o de Secretaria,o"
"490"|"Enlace y Apoyo Técnico"|"25"|"Secretaria,o del Secretaria,o Técnica,o del Gabinete"
"491"|"Enlace y Apoyo Técnico"|"25"|"Supervisora,or Especializada,o de Avance de Obra"
"492"|"Enlace y Apoyo Técnico"|"25"|"Supervisora,or Técnica,o de Aeronaves"
"493"|"Enlace y Apoyo Técnico"|"26"|"Analista Especializada,o 'B' de Gobierno"
"494"|"Enlace y Apoyo Técnico"|"26"|"Analista Especializada,o 'C' "
"495"|"Enlace y Apoyo Técnico"|"26"|"Analista Especializada,o de Unidad de Apoyo a la Administración General"
"496"|"Enlace y Apoyo Técnico"|"26"|"Analista Especializada,o de Unidad de Calidad"
"497"|"Enlace y Apoyo Técnico"|"26"|"Asesora,or 'A' de Subsecretaria,o"
"498"|"Enlace y Apoyo Técnico"|"26"|"Asesora,or 'C' de Coordinadora,or General"
"499"|"Enlace y Apoyo Técnico"|"26"|"Asesora,or 'C' de Secretaria,o "
"500"|"Enlace y Apoyo Técnico"|"26"|"Comisaria,o"
"501"|"Enlace y Apoyo Técnico"|"26"|"Copiloto de Aeronave"
"502"|"Enlace y Apoyo Técnico"|"26"|"Decreto 86-A"
"503"|"Enlace y Apoyo Técnico"|"26"|"Directora,or 'B' de Museo"
"504"|"Enlace y Apoyo Técnico"|"26"|"Escolta"
"505"|"Enlace y Apoyo Técnico"|"26"|"Jefa,e de Grupo Táctico "
"506"|"Enlace y Apoyo Técnico"|"26"|"Jefa,e de Operaciones Aeronáuticas"
"507"|"Enlace y Apoyo Técnico"|"26"|"Supervisora,or de Informática"
"508"|"Enlace y Apoyo Técnico"|"26"|"Supervisora,or Especializada,o de Auditoría"
"509"|"Enlace y Apoyo Técnico"|"27"|"Analista Especializada,o 'B' "
"510"|"Enlace y Apoyo Técnico"|"27"|"Asesora,or 'B' de Coordinadora,or General"
"511"|"Enlace y Apoyo Técnico"|"27"|"Asesora,or 'B' de Secretaria,o"
"512"|"Enlace y Apoyo Técnico"|"27"|"Choferesa,Chofer de C. Gobernadora,or"
"513"|"Enlace y Apoyo Técnico"|"27"|"Coordinadora,or Auxiliar de Unidad de Secretaría Técnica del Gabinete"
"514"|"Enlace y Apoyo Técnico"|"27"|"Decreto 86-B"
"515"|"Enlace y Apoyo Técnico"|"27"|"Directora,or 'A' de Museo"
"516"|"Enlace y Apoyo Técnico"|"27"|"Jefa,e de Ayudantes 'B'"
"517"|"Enlace y Apoyo Técnico"|"27"|"Jefa,e de Grupo 'B'  "
"518"|"Enlace y Apoyo Técnico"|"27"|"Jefa,e de Grupo Multidisciplinario"
"519"|"Enlace y Apoyo Técnico"|"27"|"Lideresa,Líder 'A' de Proyecto de Gubernatura"
"520"|"Enlace y Apoyo Técnico"|"27"|"Lideresa,Líder de Proyecto de Unidad de Apoyo a la Administración General"
"521"|"Enlace y Apoyo Técnico"|"28"|"Administradora,or de Seguridad Aérea"
"522"|"Enlace y Apoyo Técnico"|"28"|"Analista Especializada,o 'A' "
"523"|"Enlace y Apoyo Técnico"|"28"|"Analista Especializada,o 'A' de Gobierno"
"524"|"Enlace y Apoyo Técnico"|"28"|"Analista Especializada,o 'A' de Servicios Aéreos"
"525"|"Enlace y Apoyo Técnico"|"28"|"Asesora,or 'A' de Coordinadora,or General"
"526"|"Enlace y Apoyo Técnico"|"28"|"Asesora,or 'A' de Secretaria,o"
"527"|"Enlace y Apoyo Técnico"|"28"|"Asesora,or de Subsecretaria,o General"
"528"|"Enlace y Apoyo Técnico"|"28"|"Coordinadora,or de Asesoras,es de Subsecretaría"
"529"|"Enlace y Apoyo Técnico"|"28"|"Coordinadora,or de Seguimiento de Asuntos de Subsecretaría de Administración "
"530"|"Enlace y Apoyo Técnico"|"28"|"Decreto 86-D"
"531"|"Enlace y Apoyo Técnico"|"28"|"Escolta de Ayudantías"
"532"|"Enlace y Apoyo Técnico"|"28"|"Jefa,e de Adiestramiento Aeronáutico"
"533"|"Enlace y Apoyo Técnico"|"28"|"Jefa,e de Ayudantes 'A' "
"534"|"Enlace y Apoyo Técnico"|"28"|"Jefa,e de Grupo 'A'"
"535"|"Enlace y Apoyo Técnico"|"28"|"Jefa,e de Mantenimiento Aeronáutico"
"536"|"Enlace y Apoyo Técnico"|"28"|"Jefa,e de Pilotos de Aeronave"
"537"|"Enlace y Apoyo Técnico"|"28"|"Jefa,e de Unidad de Rescate"
"538"|"Enlace y Apoyo Técnico"|"28"|"Piloto de Aeronave Bimotor 'A'"
"539"|"Enlace y Apoyo Técnico"|"28"|"Piloto de Aeronave Bimotor 'B'"
"540"|"Enlace y Apoyo Técnico"|"28"|"Piloto de Aeronave Monomotor"
"541"|"Enlace y Apoyo Técnico"|"28"|"Piloto de Unidad de Rescate 'A'"
"542"|"Enlace y Apoyo Técnico"|"28"|"Piloto de Unidad de Rescate 'B'"
"543"|"Enlace y Apoyo Técnico"|"28"|"Supervisora,or General de Hangar"
"544"|"Mandos Medios de Estructura"|"26"|"Administradora,or de Centro de Servicios Administrativos 'B'"
"545"|"Mandos Medios de Estructura"|"26"|"Administradora,or de Centro de Servicios Fiscales 'A'"
"546"|"Mandos Medios de Estructura"|"26"|"Coordinadora,or Regional de Defensoría para Víctimas y Ofendidos"
"547"|"Mandos Medios de Estructura"|"26"|"Coordinadora,or Regional de Defensoría Pública"
"548"|"Mandos Medios de Estructura"|"26"|"Delegada,o Administrativa,o 'B' de Dirección General"
"549"|"Mandos Medios de Estructura"|"26"|"Delegada,o Regional 'B' de Contraloría  "
"550"|"Mandos Medios de Estructura"|"26"|"Directora,or de Colegio de Policía"
"551"|"Mandos Medios de Estructura"|"26"|"Jefa,e de Departamento "
"552"|"Mandos Medios de Estructura"|"26"|"Jefa,e de Unidad de Apoyo Administrativo de Instituto Mexiquense de Seguridad y Justicia"
"553"|"Mandos Medios de Estructura"|"26"|"Jefa,e de Unidad de Comisión Ejecutiva"
"554"|"Mandos Medios de Estructura"|"26"|"Jefa,e de Unidad de Consejo Estatal de Población"
"555"|"Mandos Medios de Estructura"|"26"|"Jefa,e de Unidad del TJAEM"
"556"|"Mandos Medios de Estructura"|"26"|"Residente Local de Desarrollo Urbano"
"557"|"Mandos Medios de Estructura"|"26"|"Secretaria,o Auxiliar del Tribunal Estatal de Conciliación y Arbitraje"
"558"|"Mandos Medios de Estructura"|"26"|"Secretaria,o Particular de Directora,or General"
"559"|"Mandos Medios de Estructura"|"26"|"Secretaria,o Particular de Fiscal Especial de FGJ"
"560"|"Mandos Medios de Estructura"|"26"|"Secretaria,o Particular de Fiscal Regional de FGJ"
"561"|"Mandos Medios de Estructura"|"26"|"Secretaria,o Particular de Jefa,e de Unidad de Fiscalía"
"562"|"Mandos Medios de Estructura"|"26"|"Secretaria,o Particular de Secretaria,o Técnica,o de Consejo Estatal de Población"
"563"|"Mandos Medios de Estructura"|"26"|"Secretaria,o Particular de Visitadora,or General"
"564"|"Mandos Medios de Estructura"|"26"|"Subdelegada,o Regional de Desarrollo Agropecuario "
"565"|"Mandos Medios de Estructura"|"26"|"Subdelegada,o Regional de Movilidad"
"566"|"Mandos Medios de Estructura"|"26"|"Titular del Órgano Interno de Control del Instituto Mexiquense de Seguridad y Justicia"
"567"|"Mandos Medios de Estructura"|"26"|"Visitadora,or Jurisdiccional del TJAEM"
"568"|"Mandos Medios de Estructura"|"27"|"Administradora,or de Centro de Servicios Administrativos 'A'"
"569"|"Mandos Medios de Estructura"|"27"|"Coordinadora,or General de Agentes del Ministerio Público Auxiliares del Fiscal"
"570"|"Mandos Medios de Estructura"|"27"|"Coordinadora,or Musical"
"571"|"Mandos Medios de Estructura"|"27"|"Delegada,o Administrativa,o 'A' de Dirección General"
"572"|"Mandos Medios de Estructura"|"27"|"Delegada,o Administrativa,o de Consejo Estatal de Población"
"573"|"Mandos Medios de Estructura"|"27"|"Delegada,o Administrativa,o de Secretariado Ejecutivo del SESP"
"574"|"Mandos Medios de Estructura"|"27"|"Delegada,o Administrativa,o de Subsecretaría"
"575"|"Mandos Medios de Estructura"|"27"|"Delegada,o de Fiscalización"
"576"|"Mandos Medios de Estructura"|"27"|"Delegada,o Fiscal 'B'  "
"577"|"Mandos Medios de Estructura"|"27"|"Delegada,o Regional de Contraloría  "
"578"|"Mandos Medios de Estructura"|"27"|"Delegada,o Regional de Movilidad 'B' "
"579"|"Mandos Medios de Estructura"|"27"|"Directora,or de Coro OSEM"
"580"|"Mandos Medios de Estructura"|"27"|"Directora,or de Escuela Normal"
"581"|"Mandos Medios de Estructura"|"27"|"Directora,or de Orquesta Mexiquense"
"582"|"Mandos Medios de Estructura"|"27"|"Jefa,e de Unidad 'A' de TJAEM"
"583"|"Mandos Medios de Estructura"|"27"|"Jefa,e de Unidad de Apoyo Administrativo"
"584"|"Mandos Medios de Estructura"|"27"|"Jefa,e de Unidad de Dirección General"
"585"|"Mandos Medios de Estructura"|"27"|"Jefa,e de Unidad de Secretaría de Seguridad"
"586"|"Mandos Medios de Estructura"|"27"|"Jefa,e de Unidad de Secretariado Ejecutivo del SESP"
"587"|"Mandos Medios de Estructura"|"27"|"Jefa,e de Unidad de Subsecretaría"
"588"|"Mandos Medios de Estructura"|"27"|"Jefa,e de Unidad Jurídica de Turismo y Desarrollo Artesanal"
"589"|"Mandos Medios de Estructura"|"27"|"Magistrada,o Jurisdiccional Consultiva,o del TJAEM"
"590"|"Mandos Medios de Estructura"|"27"|"Presidenta,e de la Junta Especial de Conciliación y Arbitraje"
"591"|"Mandos Medios de Estructura"|"27"|"Residente Regional de Desarrollo Urbano"
"592"|"Mandos Medios de Estructura"|"27"|"Residente Regional de Obras Públicas"
"593"|"Mandos Medios de Estructura"|"27"|"Secretaria,o General de Acuerdos del TJAEM"
"594"|"Mandos Medios de Estructura"|"27"|"Secretaria,o General del Pleno del TJAEM"
"595"|"Mandos Medios de Estructura"|"27"|"Secretaria,o General del Tribunal Estatal de Conciliación y Arbitraje"
"596"|"Mandos Medios de Estructura"|"27"|"Secretaria,o Particular Adjunta,o de Fiscal General"
"597"|"Mandos Medios de Estructura"|"27"|"Secretaria,o Particular Adjunta,o de Secretaria,o"
"598"|"Mandos Medios de Estructura"|"27"|"Secretaria,o Particular Adjunta.o de Coordinadora,or General"
"599"|"Mandos Medios de Estructura"|"27"|"Secretaria,o Particular de Comisaria,o General de la Policía Ministerial"
"600"|"Mandos Medios de Estructura"|"27"|"Secretaria,o Particular de Coordinadora,or de FGJ"
"601"|"Mandos Medios de Estructura"|"27"|"Secretaria,o Particular de Coordinadora,or de Fomento Económico y Competitividad"
"602"|"Mandos Medios de Estructura"|"27"|"Secretaria,o Particular de Directora,or General de Personal"
"603"|"Mandos Medios de Estructura"|"27"|"Secretaria,o Particular de Fiscal Central"
"604"|"Mandos Medios de Estructura"|"27"|"Secretaria,o Particular de Presidenta,e de Consejo Consultivo"
"605"|"Mandos Medios de Estructura"|"27"|"Secretaria,o Particular de Presidenta,e del TJAEM"
"606"|"Mandos Medios de Estructura"|"27"|"Secretaria,o Particular de Secretaria,o Ejecutiva,o del SESP"
"607"|"Mandos Medios de Estructura"|"27"|"Secretaria,o Particular de Subsecretaria,o"
"608"|"Mandos Medios de Estructura"|"27"|"Subcontralora,or Interna,o"
"609"|"Mandos Medios de Estructura"|"27"|"Subdirectora,or "
"610"|"Mandos Medios de Estructura"|"27"|"Subprocuradora,or de la Defensa del Trabajo"
"611"|"Mandos Medios de Estructura"|"27"|"Titular del Órgano Interno de Control de la JLCA"
"612"|"Mandos Medios de Estructura"|"28"|"Administradora,or de Casa Estado de México"
"613"|"Mandos Medios de Estructura"|"28"|"Coordinadora,or 'B' de Estudios y Proyectos Especiales"
"614"|"Mandos Medios de Estructura"|"28"|"Coordinadora,or Administrativa,o"
"615"|"Mandos Medios de Estructura"|"28"|"Coordinadora,or de Acervo Cultural"
"616"|"Mandos Medios de Estructura"|"28"|"Coordinadora,or de Actividades Culturales"
"617"|"Mandos Medios de Estructura"|"28"|"Coordinadora,or de Apoyo Técnico"
"618"|"Mandos Medios de Estructura"|"28"|"Coordinadora,or de Control de Gestión"
"619"|"Mandos Medios de Estructura"|"28"|"Coordinadora,or Estatal de Lactancia Materna y Bancos de Leche"
"620"|"Mandos Medios de Estructura"|"28"|"Delegada,o Fiscal 'A'  "
"621"|"Mandos Medios de Estructura"|"28"|"Delegada,o Regional de Desarrollo Agropecuario"
"622"|"Mandos Medios de Estructura"|"28"|"Delegada,o Regional de Movilidad 'A'"
"623"|"Mandos Medios de Estructura"|"28"|"Directora,or de Área"
"624"|"Mandos Medios de Estructura"|"28"|"Directora,or de Centro Preventivo y de Readaptación Social"
"625"|"Mandos Medios de Estructura"|"28"|"Directora,or de Operaciones de Servicios Aéreos"
"626"|"Mandos Medios de Estructura"|"28"|"Jefa,e de Unidad 'A' de Fiscalía"
"627"|"Mandos Medios de Estructura"|"28"|"Jefa,e de Unidad 'B' de Coordinación General"
"628"|"Mandos Medios de Estructura"|"28"|"Jefa,e de Unidad de Consejería Jurídica"
"629"|"Mandos Medios de Estructura"|"28"|"Jefa,e de Unidad de Oficina de Secretaria,o"
"630"|"Mandos Medios de Estructura"|"28"|"Jefa,e de Unidad de Subsecretaría de Agua y Obra Pública"
"631"|"Mandos Medios de Estructura"|"28"|"Jefa,e de Unidad de Subsecretaría de Comunicaciones"
"632"|"Mandos Medios de Estructura"|"28"|"Presidenta,e de Sala Auxiliar del Tribunal Estatal de Conciliación y Arbitraje"
"633"|"Mandos Medios de Estructura"|"28"|"Secretaria,o General de la Junta Local de Conciliación y Arbitraje"
"634"|"Mandos Medios de Estructura"|"28"|"Secretaria,o Particular de Consejera,o Jurídica,o"
"635"|"Mandos Medios de Estructura"|"28"|"Secretaria,o Particular de Coordinadora,or General"
"636"|"Mandos Medios de Estructura"|"28"|"Secretaria,o Particular de Jefatura de la Oficina de la Gubernatura"
"637"|"Mandos Medios de Estructura"|"28"|"Secretaria,o Particular de Secretaria,o"
"638"|"Mandos Medios de Estructura"|"28"|"Secretaria,o Particular de Subsecretaría de Agua y Obra Pública"
"639"|"Mandos Medios de Estructura"|"28"|"Secretaria,o Particular de Subsecretaría de Comunicaciones"
"640"|"Mandos Medios de Estructura"|"28"|"Secretaria,o Particular de Subsecretaría,o de Administración"
"641"|"Mandos Medios de Estructura"|"28"|"Secretaria,o Particular de Subsecretaria,o General"
"642"|"Mandos Medios de Estructura"|"28"|"Secretaria,o Privada,o de C. Gobernadora,or "
"643"|"Mandos Medios de Estructura"|"28"|"Secretaria,o Técnica,o de Comisión Ejecutiva"
"644"|"Mandos Medios de Estructura"|"28"|"Secretaria,o Técnica,o de Consejo Consultivo"
"645"|"Mandos Medios de Estructura"|"28"|"Subcoordinadora,or de Unidad de Apoyo a la Administración General"
"646"|"Mandos Medios de Estructura"|"28"|"Titular del Órgano Interno de Control "
"647"|"Mandos Superiores"|"29"|"Cajera,o General"
"648"|"Mandos Superiores"|"29"|"Contadora,or General de Gobierno"
"649"|"Mandos Superiores"|"29"|"Coordinadora,or Administrativa,o 'E' "
"650"|"Mandos Superiores"|"29"|"Coordinadora,or Administrativa,o de Secretaría Técnica del Gabinete"
"651"|"Mandos Superiores"|"29"|"Coordinadora,or de Ayudantías "
"652"|"Mandos Superiores"|"29"|"Coordinadora,or de CCMB"
"653"|"Mandos Superiores"|"29"|"Coordinadora,or de Control de Gestión 'E'"
"654"|"Mandos Superiores"|"29"|"Coordinadora,or de Delegaciones Regionales de Desarrollo Agropecuario"
"655"|"Mandos Superiores"|"29"|"Coordinadora,or de Estudios y Proyectos Especiales"
"656"|"Mandos Superiores"|"29"|"Coordinadora,or de Grupos Tácticos"
"657"|"Mandos Superiores"|"29"|"Coordinadora,or de Políticas Transversales de Gobernabilidad"
"658"|"Mandos Superiores"|"29"|"Coordinadora,or de Seguimiento y Evaluación"
"659"|"Mandos Superiores"|"29"|"Coordinadora,or de Servicios Aéreos"
"660"|"Mandos Superiores"|"29"|"Coordinadora,or de Unidad 'E' de Oficina de Secretaria,o"
"661"|"Mandos Superiores"|"29"|"Coordinadora,or de Unidad de Apoyo a la Administración General"
"662"|"Mandos Superiores"|"29"|"Coordinadora,or del Programa de Apoyo a la Comunidad"
"663"|"Mandos Superiores"|"29"|"Coordinadora,or General de Conservación Ecológica"
"664"|"Mandos Superiores"|"29"|"Coordinadora,or General de Servicios Periciales"
"665"|"Mandos Superiores"|"29"|"Coordinadora,or Regional de Desarrollo Social"
"666"|"Mandos Superiores"|"29"|"Coordinadora,or Regional de Gobierno"
"667"|"Mandos Superiores"|"29"|"Coordinadora,or Técnica,o y de Gestión"
"668"|"Mandos Superiores"|"29"|"Directora,or General"
"669"|"Mandos Superiores"|"29"|"Fiscal Especial de FGJ"
"670"|"Mandos Superiores"|"29"|"Jefa,e de la Oficina de Enlace de la UAAG"
"671"|"Mandos Superiores"|"29"|"Jefa,e de Unidad 'E' de Consejería Jurídica"
"672"|"Mandos Superiores"|"29"|"Jefa,e de Unidad 'E' de Oficina de Secretaria,o"
"673"|"Mandos Superiores"|"29"|"Jefa,e de Unidad de Apoyo Técnico Financiero"
"674"|"Mandos Superiores"|"29"|"Jefa,e de Unidad de Coordinación General"
"675"|"Mandos Superiores"|"29"|"Jefa,e de Unidad de Fiscalía"
"676"|"Mandos Superiores"|"29"|"Jefa,e de Unidad de Secretaría de Finanzas"
"677"|"Mandos Superiores"|"29"|"Magistrada,o de Sala Regional del TJAEM"
"678"|"Mandos Superiores"|"29"|"Presidenta,e del Tribunal Estatal de Conciliación y Arbitraje"
"679"|"Mandos Superiores"|"29"|"Procuradora,or de la Defensa del Trabajo"
"680"|"Mandos Superiores"|"29"|"Procuradora,or Fiscal"
"681"|"Mandos Superiores"|"29"|"Secretaria,o Ejecutiva,o del Consejo Coordinador de Seguridad Pública"
"682"|"Mandos Superiores"|"29"|"Secretaria,o Ejecutiva,o del SEPINNA"
"683"|"Mandos Superiores"|"29"|"Secretaria,o Particular 'E' de Secretaria,o"
"684"|"Mandos Superiores"|"29"|"Secretaria,o Particular de Fiscal General"
"685"|"Mandos Superiores"|"29"|"Secretaria,o Particular de Secretaria,o Técnica,o del Gabinete"
"686"|"Mandos Superiores"|"29"|"Secretaria,o Particular de Subsecretaria,o General de Gobierno"
"687"|"Mandos Superiores"|"29"|"Secretaria,o Técnica,o de Secretaría de Obra Pública"
"688"|"Mandos Superiores"|"29"|"Secretaria,o Técnica,o del Consejo Estatal de Población"
"689"|"Mandos Superiores"|"29"|"Titular del Órgano Interno de Control 'E'"
"690"|"Mandos Superiores"|"29 T"|"Magistrada,o de Sala Regional del Tribunal de lo Contencioso Administrativo"
"691"|"Mandos Superiores"|"30"|"Comisionada,o Ejecutiva,o"
"692"|"Mandos Superiores"|"30"|"Coordinadora,or Administrativa,o de la Secretaría General de Gobierno"
"693"|"Mandos Superiores"|"30"|"Coordinadora,or de Fomento Económico y Competitividad"
"694"|"Mandos Superiores"|"30"|"Coordinadora,or de General FGJ"
"695"|"Mandos Superiores"|"30"|"Coordinadora,or de Hospitales de Alta Especialidad"
"696"|"Mandos Superiores"|"30"|"Coordinadora,or Estatal del Servicio Profesional Docente"
"697"|"Mandos Superiores"|"30"|"Coordinadora,or General"
"698"|"Mandos Superiores"|"30"|"Coordinadora,or General de la Policía de Investigación"
"699"|"Mandos Superiores"|"30"|"Coordinadora,or General de Protección Civil"
"700"|"Mandos Superiores"|"30"|"Coordinadora,or Operativa,o de Comunicación Social"
"701"|"Mandos Superiores"|"30"|"Fiscal Central"
"702"|"Mandos Superiores"|"30"|"Fiscal Especial en Combate a la Corrupción"
"703"|"Mandos Superiores"|"30"|"Fiscal Regional de FGJ"
"704"|"Mandos Superiores"|"30"|"Jefa,e de Oficina Ejecutiva de Secretaría de Salud"
"705"|"Mandos Superiores"|"30"|"Jefa,e de Unidad 'E' de Secretaría de Finanzas"
"706"|"Mandos Superiores"|"30"|"Jefa,e de Unidad de Apoyo a la Administración General"
"707"|"Mandos Superiores"|"30"|"Magistrada,o de Sala Superior del TJAEM"
"708"|"Mandos Superiores"|"30"|"Magistrada,o de Sala Superior del TJAEM"
"709"|"Mandos Superiores"|"30"|"Oficial Mayor"
"710"|"Mandos Superiores"|"30"|"Presidenta,e de la Junta Local de Conciliación y Arbitraje"
"711"|"Mandos Superiores"|"30"|"Procuradora,or de Protección al Ambiente"
"712"|"Mandos Superiores"|"30"|"Secretaria,o Auxiliar de C. Gobernadora,or"
"713"|"Mandos Superiores"|"30"|"Secretaria,o Ejecutiva,o del Sistema Estatal de Seguridad Pública"
"714"|"Mandos Superiores"|"30"|"Secretaria,o Particular Adjunta,o de C. Gobernadora,or"
"715"|"Mandos Superiores"|"30"|"Subsecretaria,o"
"716"|"Mandos Superiores"|"30"|"Vicepresidenta,e del TJAEM"
"717"|"Mandos Superiores"|"30 T"|"Magistrada,o de Sala Superior del Tribunal de lo Contencioso Administrativo"
"718"|"Mandos Superiores"|"30 BIS"|"Presidenta,e del Consejo Mexiquense de Infraestructura y Desarrollo Social"
"719"|"Mandos Superiores"|"30 BIS"|"Subsecretaria,o General de Educación"
"720"|"Mandos Superiores"|"30 BIS"|"Subsecretaria,o General de Gobierno"
"721"|"Mandos Superiores"|"30 BIS"|"Visefiscal General"
"722"|"Mandos Superiores"|"31"|"Consejera,o Jurídica,o"
"723"|"Mandos Superiores"|"31"|"Coordinadora,or General de Comunicación Social"
"724"|"Mandos Superiores"|"31"|"Fiscal General de Justicia"
"725"|"Mandos Superiores"|"31"|"Jefa,e de Oficina de Gubernatura"
"726"|"Mandos Superiores"|"31"|"Presidenta,e del TJAEM"
"727"|"Mandos Superiores"|"31"|"Secretaria,o "
"728"|"Mandos Superiores"|"31"|"Secretaria,o Particular de C. Gobernadora,or"
"729"|"Mandos Superiores"|"31"|"Secretaria,o Técnica,o del Gabinete"
"730"|"Mandos Superiores"|"31 BIS"|"Secretaria,o General de Gobierno"
"731"|"Mandos Superiores"|"32"|"Gobernadora,or"
